window_id,timestamp,period_index,annual_weight_per_hour,comparator_pcc_export_mw,candidate_pcc_export_mw,delta_pcc_export_mw,annualized_delta_export_energy_mwh
winter_day_20240101,2024-01-01T00:00:00,0,366.000000000,700.000000000,700.000000000,0.000000000,0.000000000
winter_day_20240101,2024-01-01T01:00:00,1,366.000000000,700.000000000,700.000000000,0.000000000,0.000000000
winter_day_20240101,2024-01-01T02:00:00,2,366.000000000,700.000000000,700.000000000,-0.000000000,-0.000000002
winter_day_20240101,2024-01-01T03:00:00,3,366.000000000,578.828320551,578.319957441,-0.508363109,-186.060897991
winter_day_20240101,2024-01-01T04:00:00,4,366.000000000,456.027411900,455.519010461,-0.508401439,-186.074926829
winter_day_20240101,2024-01-01T05:00:00,5,366.000000000,374.437856242,373.929481868,-0.508374374,-186.065020913
winter_day_20240101,2024-01-01T06:00:00,6,366.000000000,320.158586391,319.650097388,-0.508489003,-186.106975248
winter_day_20240101,2024-01-01T07:00:00,7,366.000000000,308.615332235,308.106638531,-0.508693704,-186.181895544
winter_day_20240101,2024-01-01T08:00:00,8,366.000000000,470.274363070,469.763534185,-0.510828885,-186.963371912
winter_day_20240101,2024-01-01T09:00:00,9,366.000000000,444.049457487,443.540304073,-0.509153413,-186.350149248
winter_day_20240101,2024-01-01T10:00:00,10,366.000000000,404.644277891,404.262209677,-0.382068214,-139.836966339
winter_day_20240101,2024-01-01T11:00:00,11,366.000000000,455.896868664,455.391358341,-0.505510323,-185.016778166
winter_day_20240101,2024-01-01T12:00:00,12,366.000000000,488.841429874,488.337432962,-0.503996913,-184.462870025
winter_day_20240101,2024-01-01T13:00:00,13,366.000000000,511.739049294,511.236308009,-0.502741285,-184.003310155
winter_day_20240101,2024-01-01T14:00:00,14,366.000000000,501.736106433,501.234323652,-0.501782781,-183.652497837
winter_day_20240101,2024-01-01T15:00:00,15,366.000000000,473.593231105,473.090367377,-0.502863729,-184.048124750
winter_day_20240101,2024-01-01T16:00:00,16,366.000000000,445.271183527,444.767550733,-0.503632795,-184.329602803
winter_day_20240101,2024-01-01T17:00:00,17,366.000000000,440.225617649,447.376318800,7.150701152,2617.156621515
winter_day_20240101,2024-01-01T18:00:00,18,366.000000000,513.397258295,449.296106573,-64.101151721,-23461.021529934
winter_day_20240101,2024-01-01T19:00:00,19,366.000000000,636.084649464,700.000000000,63.915350536,23393.018296179
winter_day_20240101,2024-01-01T20:00:00,20,366.000000000,700.000000000,700.000000000,0.000000000,0.000000000
winter_day_20240101,2024-01-01T21:00:00,21,366.000000000,700.000000000,700.000000000,0.000000000,0.000000000
winter_day_20240101,2024-01-01T22:00:00,22,366.000000000,700.000000000,700.000000000,0.000000000,0.000000000
winter_day_20240101,2024-01-01T23:00:00,23,366.000000000,700.000000000,700.000000000,0.000000000,0.000000000
winter_fortnight_20240101,2024-01-01T00:00:00,0,26.142857143,700.000000000,700.000000000,0.000000000,0.000000000
winter_fortnight_20240101,2024-01-01T01:00:00,1,26.142857143,700.000000000,700.000000000,0.000000000,0.000000000
winter_fortnight_20240101,2024-01-01T02:00:00,2,26.142857143,700.000000000,689.673333091,-10.326666909,-269.968577771
winter_fortnight_20240101,2024-01-01T03:00:00,3,26.142857143,578.828320551,578.303430946,-0.524889605,-13.722113957
winter_fortnight_20240101,2024-01-01T04:00:00,4,26.142857143,456.027411900,455.502483020,-0.524928880,-13.723140722
winter_fortnight_20240101,2024-01-01T05:00:00,5,26.142857143,374.437856242,373.227110401,-1.210745842,-31.652355572
winter_fortnight_20240101,2024-01-01T06:00:00,6,26.142857143,320.158586391,319.152286417,-1.006299975,-26.307556482
winter_fortnight_20240101,2024-01-01T07:00:00,7,26.142857143,308.615332235,308.123300032,-0.492032202,-12.863127578
winter_fortnight_20240101,2024-01-01T08:00:00,8,26.142857143,470.274363070,469.780266518,-0.494096552,-12.917095561
winter_fortnight_20240101,2024-01-01T09:00:00,9,26.142857143,444.049457487,443.556974779,-0.492482708,-12.874905074
winter_fortnight_20240101,2024-01-01T10:00:00,10,26.142857143,404.644277891,404.278810633,-0.365467258,-9.554358321
winter_fortnight_20240101,2024-01-01T11:00:00,11,26.142857143,455.896868664,455.407895844,-0.488972820,-12.783146576
winter_fortnight_20240101,2024-01-01T12:00:00,12,26.142857143,488.841429874,488.353914661,-0.487515213,-12.745040571
winter_fortnight_20240101,2024-01-01T13:00:00,13,26.142857143,511.739049294,511.252742907,-0.486306386,-12.713438384
winter_fortnight_20240101,2024-01-01T14:00:00,14,26.142857143,501.736106433,351.238881194,-150.497225239,-3934.427459829
winter_fortnight_20240101,2024-01-01T15:00:00,15,26.142857143,473.593231105,322.861450384,-150.731780722,-3940.559410296
winter_fortnight_20240101,2024-01-01T16:00:00,16,26.142857143,445.271183527,294.304434937,-150.966748590,-3946.702141713
winter_fortnight_20240101,2024-01-01T17:00:00,17,26.142857143,440.225617649,289.021138926,-151.204478723,-3952.917086608
winter_fortnight_20240101,2024-01-01T18:00:00,18,26.142857143,513.397258295,618.681699255,105.284440961,2752.436099400
winter_fortnight_20240101,2024-01-01T19:00:00,19,26.142857143,636.084649464,700.000000000,63.915350536,1670.929878298
winter_fortnight_20240101,2024-01-01T20:00:00,20,26.142857143,700.000000000,700.000000000,0.000000000,0.000000000
winter_fortnight_20240101,2024-01-01T21:00:00,21,26.142857143,700.000000000,700.000000000,0.000000000,0.000000000
winter_fortnight_20240101,2024-01-01T22:00:00,22,26.142857143,700.000000000,700.000000000,0.000000000,0.000000000
winter_fortnight_20240101,2024-01-01T23:00:00,23,26.142857143,700.000000000,700.000000000,0.000000000,0.000000000
winter_fortnight_20240101,2024-01-02T00:00:00,24,26.142857143,700.000000000,700.000000000,0.000000000,0.000000000
winter_fortnight_20240101,2024-01-02T01:00:00,25,26.142857143,700.000000000,700.000000000,0.000000000,0.000000000
winter_fortnight_20240101,2024-01-02T02:00:00,26,26.142857143,700.000000000,700.000000000,0.000000000,0.000000000
winter_fortnight_20240101,2024-01-02T03:00:00,27,26.142857143,700.000000000,700.000000000,0.000000000,0.000000000
winter_fortnight_20240101,2024-01-02T04:00:00,28,26.142857143,700.000000000,700.000000000,0.000000000,0.000000000
winter_fortnight_20240101,2024-01-02T05:00:00,29,26.142857143,700.000000000,700.000000000,0.000000000,0.000000000
winter_fortnight_20240101,2024-01-02T06:00:00,30,26.142857143,700.000000000,700.000000000,0.000000000,0.000000000
winter_fortnight_20240101,2024-01-02T07:00:00,31,26.142857143,700.000000000,700.000000000,0.000000000,0.000000000
winter_fortnight_20240101,2024-01-02T08:00:00,32,26.142857143,700.000000000,700.000000000,0.000000000,0.000000000
winter_fortnight_20240101,2024-01-02T09:00:00,33,26.142857143,700.000000000,700.000000000,0.000000000,0.000000000
winter_fortnight_20240101,2024-01-02T10:00:00,34,26.142857143,700.000000000,700.000000000,0.000000000,0.000000000
winter_fortnight_20240101,2024-01-02T11:00:00,35,26.142857143,700.000000000,700.000000000,0.000000000,0.000000000
winter_fortnight_20240101,2024-01-02T12:00:00,36,26.142857143,700.000000000,700.000000000,0.000000000,0.000000000
winter_fortnight_20240101,2024-01-02T13:00:00,37,26.142857143,700.000000000,700.000000000,0.000000000,0.000000000
winter_fortnight_20240101,2024-01-02T14:00:00,38,26.142857143,700.000000000,700.000000000,0.000000000,0.000000000
winter_fortnight_20240101,2024-01-02T15:00:00,39,26.142857143,700.000000000,700.000000000,0.000000000,0.000000000
winter_fortnight_20240101,2024-01-02T16:00:00,40,26.142857143,700.000000000,700.000000000,0.000000000,0.000000000
winter_fortnight_20240101,2024-01-02T17:00:00,41,26.142857143,700.000000000,700.000000000,0.000000000,0.000000000
winter_fortnight_20240101,2024-01-02T18:00:00,42,26.142857143,700.000000000,700.000000000,0.000000000,0.000000000
winter_fortnight_20240101,2024-01-02T19:00:00,43,26.142857143,700.000000000,700.000000000,0.000000000,0.000000000
winter_fortnight_20240101,2024-01-02T20:00:00,44,26.142857143,700.000000000,700.000000000,0.000000000,0.000000000
winter_fortnight_20240101,2024-01-02T21:00:00,45,26.142857143,700.000000000,700.000000000,0.000000000,0.000000000
winter_fortnight_20240101,2024-01-02T22:00:00,46,26.142857143,700.000000000,700.000000000,0.000000000,0.000000000
winter_fortnight_20240101,2024-01-02T23:00:00,47,26.142857143,700.000000000,700.000000000,0.000000000,0.000000000
winter_fortnight_20240101,2024-01-03T00:00:00,48,26.142857143,700.000000000,700.000000000,0.000000000,0.000000000
winter_fortnight_20240101,2024-01-03T01:00:00,49,26.142857143,585.795436274,577.301346496,-8.494089778,-222.059775629
winter_fortnight_20240101,2024-01-03T02:00:00,50,26.142857143,510.588138821,508.864537743,-1.723601078,-45.059856754
winter_fortnight_20240101,2024-01-03T03:00:00,51,26.142857143,457.937592016,456.211708686,-1.725883330,-45.119521330
winter_fortnight_20240101,2024-01-03T04:00:00,52,26.142857143,407.132003963,405.404146125,-1.727857838,-45.171140618
winter_fortnight_20240101,2024-01-03T05:00:00,53,26.142857143,335.542913632,333.814048484,-1.728865148,-45.197474577
winter_fortnight_20240101,2024-01-03T06:00:00,54,26.142857143,307.062907598,305.334047612,-1.728859985,-45.197339617
winter_fortnight_20240101,2024-01-03T07:00:00,55,26.142857143,309.780377096,308.050997028,-1.729380068,-45.210936071
winter_fortnight_20240101,2024-01-03T08:00:00,56,26.142857143,331.163234028,325.997015802,-5.166218226,-135.059705041
winter_fortnight_20240101,2024-01-03T09:00:00,57,26.142857143,342.337492393,340.686159638,-1.651332754,-43.170556295
winter_fortnight_20240101,2024-01-03T10:00:00,58,26.142857143,378.870124476,377.226648557,-1.643475919,-42.965156170
winter_fortnight_20240101,2024-01-03T11:00:00,59,26.142857143,416.015668496,414.378798000,-1.636870495,-42.792471518
winter_fortnight_20240101,2024-01-03T12:00:00,60,26.142857143,444.990735147,443.359595261,-1.631139886,-42.642657023
winter_fortnight_20240101,2024-01-03T13:00:00,61,26.142857143,470.466350235,468.839349527,-1.627000707,-42.534447063
winter_fortnight_20240101,2024-01-03T14:00:00,62,26.142857143,465.178849273,460.397833976,-4.781015297,-124.989399900
winter_fortnight_20240101,2024-01-03T15:00:00,63,26.142857143,436.289164747,434.739436516,-1.549728231,-40.514323755
winter_fortnight_20240101,2024-01-03T16:00:00,64,26.142857143,420.113381761,418.560697587,-1.552684174,-40.591600552
winter_fortnight_20240101,2024-01-03T17:00:00,65,26.142857143,408.325109843,404.694888275,-3.630221568,-94.904363852
winter_fortnight_20240101,2024-01-03T18:00:00,66,26.142857143,411.766168248,410.262986683,-1.503181565,-39.297460906
winter_fortnight_20240101,2024-01-03T19:00:00,67,26.142857143,404.724364841,402.637371626,-2.086993215,-54.559965478
winter_fortnight_20240101,2024-01-03T20:00:00,68,26.142857143,427.280033987,425.783622741,-1.496411246,-39.120465423
winter_fortnight_20240101,2024-01-03T21:00:00,69,26.142857143,469.942651616,468.445977441,-1.496674175,-39.127339155
winter_fortnight_20240101,2024-01-03T22:00:00,70,26.142857143,508.239203797,506.742614423,-1.496589374,-39.125122194
winter_fortnight_20240101,2024-01-03T23:00:00,71,26.142857143,501.529613435,500.032572653,-1.497040782,-39.136923291
winter_fortnight_20240101,2024-01-04T00:00:00,72,26.142857143,474.666331920,473.727595138,-0.938736782,-24.541261593
winter_fortnight_20240101,2024-01-04T01:00:00,73,26.142857143,452.356295563,450.854970091,-1.501325472,-39.248937336
winter_fortnight_20240101,2024-01-04T02:00:00,74,26.142857143,413.224651455,411.721915405,-1.502736050,-39.285813871
winter_fortnight_20240101,2024-01-04T03:00:00,75,26.142857143,371.380222981,369.867217922,-1.513005059,-39.554275118
winter_fortnight_20240101,2024-01-04T04:00:00,76,26.142857143,348.308480701,346.795257350,-1.513223351,-39.559981880
winter_fortnight_20240101,2024-01-04T05:00:00,77,26.142857143,324.074900342,322.562385845,-1.512514497,-39.541450416
winter_fortnight_20240101,2024-01-04T06:00:00,78,26.142857143,305.595864897,300.328698974,-5.267165923,-137.698766262
winter_fortnight_20240101,2024-01-04T07:00:00,79,26.142857143,281.778869181,279.272407892,-2.506461289,-65.526059402
winter_fortnight_20240101,2024-01-04T08:00:00,80,26.142857143,297.341226571,295.924950686,-1.416275885,-37.025498145
winter_fortnight_20240101,2024-01-04T09:00:00,81,26.142857143,329.962034283,328.555350195,-1.406684088,-36.774741160
winter_fortnight_20240101,2024-01-04T10:00:00,82,26.142857143,360.689203939,359.292446331,-1.396757609,-36.515234630
winter_fortnight_20240101,2024-01-04T11:00:00,83,26.142857143,372.767260640,371.375908857,-1.391351783,-36.373910910
winter_fortnight_20240101,2024-01-04T12:00:00,84,26.142857143,370.929805794,369.541599682,-1.388206112,-36.291674071
winter_fortnight_20240101,2024-01-04T13:00:00,85,26.142857143,359.451948789,358.065849027,-1.386099763,-36.236608088
winter_fortnight_20240101,2024-01-04T14:00:00,86,26.142857143,353.823507733,352.438545598,-1.384962135,-36.206867238
winter_fortnight_20240101,2024-01-04T15:00:00,87,26.142857143,323.460627816,322.074067821,-1.386559995,-36.248639865
winter_fortnight_20240101,2024-01-04T16:00:00,88,26.142857143,286.947937136,285.559887852,-1.388049284,-36.287574128
winter_fortnight_20240101,2024-01-04T17:00:00,89,26.142857143,249.954282403,248.561931684,-1.392350719,-36.400025942
winter_fortnight_20240101,2024-01-04T18:00:00,90,26.142857143,237.858112660,236.459799285,-1.398313375,-36.555906811
winter_fortnight_20240101,2024-01-04T19:00:00,91,26.142857143,255.121870080,253.717879646,-1.403990434,-36.704321348
winter_fortnight_20240101,2024-01-04T20:00:00,92,26.142857143,278.537180182,277.136896949,-1.400283233,-36.607404515
winter_fortnight_20240101,2024-01-04T21:00:00,93,26.142857143,297.279351034,295.878445621,-1.400905413,-36.623670073
winter_fortnight_20240101,2024-01-04T22:00:00,94,26.142857143,288.925842683,287.648352964,-1.277489719,-33.397231233
winter_fortnight_20240101,2024-01-04T23:00:00,95,26.142857143,294.254155074,292.167174890,-2.086980184,-54.559624815
winter_fortnight_20240101,2024-01-05T00:00:00,96,26.142857143,308.323624898,306.918381736,-1.405243161,-36.737071215
winter_fortnight_20240101,2024-01-05T01:00:00,97,26.142857143,341.694259614,340.285442605,-1.408817008,-36.830501789
winter_fortnight_20240101,2024-01-05T02:00:00,98,26.142857143,389.457112688,388.045440704,-1.411671984,-36.905139011
winter_fortnight_20240101,2024-01-05T03:00:00,99,26.142857143,441.827535802,440.425036306,-1.402499496,-36.665343958
winter_fortnight_20240101,2024-01-05T04:00:00,100,26.142857143,502.065330888,500.661961896,-1.403368992,-36.688075086
winter_fortnight_20240101,2024-01-05T05:00:00,101,26.142857143,566.086244079,652.569814669,86.483570591,2260.927631152
winter_fortnight_20240101,2024-01-05T06:00:00,102,26.142857143,629.828986977,700.000000000,70.171013023,1834.470769020
winter_fortnight_20240101,2024-01-05T07:00:00,103,26.142857143,700.000000000,700.000000000,0.000000000,0.000000000
winter_fortnight_20240101,2024-01-05T08:00:00,104,26.142857143,700.000000000,700.000000000,0.000000000,0.000000000
winter_fortnight_20240101,2024-01-05T09:00:00,105,26.142857143,700.000000000,700.000000000,0.000000000,0.000000000
winter_fortnight_20240101,2024-01-05T10:00:00,106,26.142857143,700.000000000,700.000000000,0.000000000,0.000000000
winter_fortnight_20240101,2024-01-05T11:00:00,107,26.142857143,700.000000000,700.000000000,0.000000000,0.000000000
winter_fortnight_20240101,2024-01-05T12:00:00,108,26.142857143,700.000000000,700.000000000,0.000000000,0.000000000
winter_fortnight_20240101,2024-01-05T13:00:00,109,26.142857143,700.000000000,700.000000000,0.000000000,0.000000000
winter_fortnight_20240101,2024-01-05T14:00:00,110,26.142857143,700.000000000,700.000000000,0.000000000,0.000000000
winter_fortnight_20240101,2024-01-05T15:00:00,111,26.142857143,700.000000000,700.000000000,0.000000000,0.000000000
winter_fortnight_20240101,2024-01-05T16:00:00,112,26.142857143,498.600761801,496.480041350,-2.120720452,-55.441691811
winter_fortnight_20240101,2024-01-05T17:00:00,113,26.142857143,367.613570528,270.861994011,-96.751576517,-2529.362643218
winter_fortnight_20240101,2024-01-05T18:00:00,114,26.142857143,396.664731530,459.816438875,63.151707345,1650.966063448
winter_fortnight_20240101,2024-01-05T19:00:00,115,26.142857143,567.339519291,700.000000000,132.660480709,3468.123995674
winter_fortnight_20240101,2024-01-05T20:00:00,116,26.142857143,700.000000000,700.000000000,0.000000000,0.000000000
winter_fortnight_20240101,2024-01-05T21:00:00,117,26.142857143,700.000000000,700.000000000,0.000000000,0.000000000
winter_fortnight_20240101,2024-01-05T22:00:00,118,26.142857143,700.000000000,700.000000000,0.000000000,0.000000000
winter_fortnight_20240101,2024-01-05T23:00:00,119,26.142857143,700.000000000,700.000000000,0.000000000,0.000000000
winter_fortnight_20240101,2024-01-06T00:00:00,120,26.142857143,700.000000000,700.000000000,0.000000000,0.000000000
winter_fortnight_20240101,2024-01-06T01:00:00,121,26.142857143,700.000000000,700.000000000,0.000000000,0.000000000
winter_fortnight_20240101,2024-01-06T02:00:00,122,26.142857143,700.000000000,700.000000000,0.000000000,0.000000000
winter_fortnight_20240101,2024-01-06T03:00:00,123,26.142857143,700.000000000,700.000000000,0.000000000,0.000000000
winter_fortnight_20240101,2024-01-06T04:00:00,124,26.142857143,700.000000000,700.000000000,0.000000000,0.000000000
winter_fortnight_20240101,2024-01-06T05:00:00,125,26.142857143,629.509310084,627.697019966,-1.812290117,-47.378441631
winter_fortnight_20240101,2024-01-06T06:00:00,126,26.142857143,519.259310084,516.587547730,-2.671762353,-69.847501517
winter_fortnight_20240101,2024-01-06T07:00:00,127,26.142857143,417.409310084,415.003172424,-2.406137660,-62.903313109
winter_fortnight_20240101,2024-01-06T08:00:00,128,26.142857143,378.014504742,376.231501712,-1.783003030,-46.612793486
winter_fortnight_20240101,2024-01-06T09:00:00,129,26.142857143,387.619905185,385.838898826,-1.781006360,-46.560594827
winter_fortnight_20240101,2024-01-06T10:00:00,130,26.142857143,437.529859925,435.756212187,-1.773647738,-46.368219436
winter_fortnight_20240101,2024-01-06T11:00:00,131,26.142857143,467.281545549,465.513630473,-1.767915076,-46.218351267
winter_fortnight_20240101,2024-01-06T12:00:00,132,26.142857143,505.937479509,504.174759427,-1.762720082,-46.082539283
winter_fortnight_20240101,2024-01-06T13:00:00,133,26.142857143,512.071628584,510.313610453,-1.758018131,-45.959616842
winter_fortnight_20240101,2024-01-06T14:00:00,134,26.142857143,521.233265004,519.601947790,-1.631317214,-42.647292885
winter_fortnight_20240101,2024-01-06T15:00:00,135,26.142857143,523.657887463,522.028066428,-1.629821035,-42.608178497
winter_fortnight_20240101,2024-01-06T16:00:00,136,26.142857143,520.536562442,518.779805543,-1.756756899,-45.926644637
winter_fortnight_20240101,2024-01-06T17:00:00,137,26.142857143,500.383929376,498.621373999,-1.762555377,-46.078233422
winter_fortnight_20240101,2024-01-06T18:00:00,138,26.142857143,562.582143378,560.813832531,-1.768310847,-46.228697849
winter_fortnight_20240101,2024-01-06T19:00:00,139,26.142857143,666.044153286,687.653837427,21.609684141,564.938885407
winter_fortnight_20240101,2024-01-06T20:00:00,140,26.142857143,700.000000000,700.000000000,0.000000000,0.000000000
winter_fortnight_20240101,2024-01-06T21:00:00,141,26.142857143,700.000000000,700.000000000,0.000000000,0.000000000
winter_fortnight_20240101,2024-01-06T22:00:00,142,26.142857143,700.000000000,700.000000000,0.000000000,0.000000000
winter_fortnight_20240101,2024-01-06T23:00:00,143,26.142857143,668.386894746,666.600543190,-1.786351556,-46.700333535
winter_fortnight_20240101,2024-01-07T00:00:00,144,26.142857143,567.176163791,565.381116764,-1.795047027,-46.927657981
winter_fortnight_20240101,2024-01-07T01:00:00,145,26.142857143,459.507433271,458.722013171,-0.785420100,-20.533125480
winter_fortnight_20240101,2024-01-07T02:00:00,146,26.142857143,388.543569344,386.734279901,-1.809289443,-47.299995437
winter_fortnight_20240101,2024-01-07T03:00:00,147,26.142857143,340.978780018,339.174773779,-1.804006239,-47.161877386
winter_fortnight_20240101,2024-01-07T04:00:00,148,26.142857143,323.492484095,321.689637465,-1.802846630,-47.131561905
winter_fortnight_20240101,2024-01-07T05:00:00,149,26.142857143,292.227312965,290.424527433,-1.802785532,-47.129964614
winter_fortnight_20240101,2024-01-07T06:00:00,150,26.142857143,319.839140671,318.038440118,-1.800700552,-47.075457294
winter_fortnight_20240101,2024-01-07T07:00:00,151,26.142857143,354.788364133,352.988925616,-1.799438517,-47.042464086
winter_fortnight_20240101,2024-01-07T08:00:00,152,26.142857143,383.440576899,381.643553458,-1.797023441,-46.979327096
winter_fortnight_20240101,2024-01-07T09:00:00,153,26.142857143,371.734884420,369.944098503,-1.790785917,-46.816260404
winter_fortnight_20240101,2024-01-07T10:00:00,154,26.142857143,416.559926569,410.143175848,-6.416750721,-167.752197429
winter_fortnight_20240101,2024-01-07T11:00:00,155,26.142857143,477.172796396,475.455786605,-1.717009792,-44.887541702
winter_fortnight_20240101,2024-01-07T12:00:00,156,26.142857143,505.857471700,504.144875197,-1.712596503,-44.772165709
winter_fortnight_20240101,2024-01-07T13:00:00,157,26.142857143,548.854284532,547.144506953,-1.709777579,-44.698471006
winter_fortnight_20240101,2024-01-07T14:00:00,158,26.142857143,531.783217376,528.371510158,-3.411707218,-89.191774407
winter_fortnight_20240101,2024-01-07T15:00:00,159,26.142857143,501.104346357,499.427460571,-1.676885786,-43.838585557
winter_fortnight_20240101,2024-01-07T16:00:00,160,26.142857143,438.297683727,442.815415746,4.517732019,118.106422771
winter_fortnight_20240101,2024-01-07T17:00:00,161,26.142857143,404.973979132,403.292939304,-1.681039828,-43.947184081
winter_fortnight_20240101,2024-01-07T18:00:00,162,26.142857143,383.578990384,381.894913243,-1.684077142,-44.026588136
winter_fortnight_20240101,2024-01-07T19:00:00,163,26.142857143,361.522176427,359.828332930,-1.693843497,-44.281908568
winter_fortnight_20240101,2024-01-07T20:00:00,164,26.142857143,323.705909874,322.003692568,-1.702217306,-44.500823856
winter_fortnight_20240101,2024-01-07T21:00:00,165,26.142857143,307.392121050,305.675884106,-1.716236944,-44.867337244
winter_fortnight_20240101,2024-01-07T22:00:00,166,26.142857143,322.625456240,320.902408036,-1.723048204,-45.045403039
winter_fortnight_20240101,2024-01-07T23:00:00,167,26.142857143,328.422561471,326.698344088,-1.724217383,-45.075968718
winter_fortnight_20240101,2024-01-08T00:00:00,168,26.142857143,322.043606866,317.437213552,-4.606393315,-120.424282372
winter_fortnight_20240101,2024-01-08T01:00:00,169,26.142857143,311.166002223,309.467212518,-1.698789705,-44.411216572
winter_fortnight_20240101,2024-01-08T02:00:00,170,26.142857143,317.695270643,318.127620153,0.432349510,11.302851483
winter_fortnight_20240101,2024-01-08T03:00:00,171,26.142857143,325.151436263,329.680761357,4.529325095,118.409498908
winter_fortnight_20240101,2024-01-08T04:00:00,172,26.142857143,352.844249087,351.150321898,-1.693927189,-44.284096502
winter_fortnight_20240101,2024-01-08T05:00:00,173,26.142857143,399.540071825,397.848821872,-1.691249953,-44.214105907
winter_fortnight_20240101,2024-01-08T06:00:00,174,26.142857143,440.016565813,438.326661465,-1.689904348,-44.178927956
winter_fortnight_20240101,2024-01-08T07:00:00,175,26.142857143,468.760685501,467.071914672,-1.688770830,-44.149294544
winter_fortnight_20240101,2024-01-08T08:00:00,176,26.142857143,462.917574649,461.231062563,-1.686512086,-44.090244539
winter_fortnight_20240101,2024-01-08T09:00:00,177,26.142857143,375.684235025,374.001496888,-1.682738136,-43.991582702
winter_fortnight_20240101,2024-01-08T10:00:00,178,26.142857143,447.851254773,446.174541944,-1.676712829,-43.834063954
winter_fortnight_20240101,2024-01-08T11:00:00,179,26.142857143,449.388060124,443.788592440,-5.599467684,-146.386083735
winter_fortnight_20240101,2024-01-08T12:00:00,180,26.142857143,465.763716728,464.280327662,-1.483389066,-38.780028431
winter_fortnight_20240101,2024-01-08T13:00:00,181,26.142857143,479.037012096,476.187761289,-2.849250807,-74.487556808
winter_fortnight_20240101,2024-01-08T14:00:00,182,26.142857143,491.134892149,488.408234967,-2.726657182,-71.282609178
winter_fortnight_20240101,2024-01-08T15:00:00,183,26.142857143,525.856701399,524.318726041,-1.537975358,-40.207070074
winter_fortnight_20240101,2024-01-08T16:00:00,184,26.142857143,544.052501115,541.399231855,-2.653269260,-69.364039216
winter_fortnight_20240101,2024-01-08T17:00:00,185,26.142857143,524.915102736,523.400076151,-1.515026585,-39.607123577
winter_fortnight_20240101,2024-01-08T18:00:00,186,26.142857143,568.646149519,567.126334288,-1.519815231,-39.732312463
winter_fortnight_20240101,2024-01-08T19:00:00,187,26.142857143,595.237562515,593.713424562,-1.524137953,-39.845320764
winter_fortnight_20240101,2024-01-08T20:00:00,188,26.142857143,594.875730362,695.550635324,100.674904962,2631.929658291
winter_fortnight_20240101,2024-01-08T21:00:00,189,26.142857143,619.963873514,700.000000000,80.036126486,2092.373020991
winter_fortnight_20240101,2024-01-08T22:00:00,190,26.142857143,700.000000000,700.000000000,0.000000000,0.000000000
winter_fortnight_20240101,2024-01-08T23:00:00,191,26.142857143,700.000000000,700.000000000,0.000000000,0.000000000
winter_fortnight_20240101,2024-01-09T00:00:00,192,26.142857143,700.000000000,700.000000000,0.000000000,0.000000000
winter_fortnight_20240101,2024-01-09T01:00:00,193,26.142857143,700.000000000,700.000000000,0.000000000,0.000000000
winter_fortnight_20240101,2024-01-09T02:00:00,194,26.142857143,700.000000000,700.000000000,0.000000000,0.000000000
winter_fortnight_20240101,2024-01-09T03:00:00,195,26.142857143,700.000000000,700.000000000,0.000000000,0.000000000
winter_fortnight_20240101,2024-01-09T04:00:00,196,26.142857143,700.000000000,700.000000000,0.000000000,0.000000000
winter_fortnight_20240101,2024-01-09T05:00:00,197,26.142857143,700.000000000,700.000000000,0.000000000,0.000000000
winter_fortnight_20240101,2024-01-09T06:00:00,198,26.142857143,700.000000000,700.000000000,0.000000000,0.000000000
winter_fortnight_20240101,2024-01-09T07:00:00,199,26.142857143,700.000000000,700.000000000,0.000000000,0.000000000
winter_fortnight_20240101,2024-01-09T08:00:00,200,26.142857143,700.000000000,700.000000000,0.000000000,0.000000000
winter_fortnight_20240101,2024-01-09T09:00:00,201,26.142857143,700.000000000,700.000000000,0.000000000,0.000000000
winter_fortnight_20240101,2024-01-09T10:00:00,202,26.142857143,700.000000000,700.000000000,0.000000000,0.000000000
winter_fortnight_20240101,2024-01-09T11:00:00,203,26.142857143,700.000000000,700.000000000,0.000000000,0.000000000
winter_fortnight_20240101,2024-01-09T12:00:00,204,26.142857143,700.000000000,700.000000000,0.000000000,0.000000000
winter_fortnight_20240101,2024-01-09T13:00:00,205,26.142857143,630.629250927,628.774328536,-1.854922391,-48.492971069
winter_fortnight_20240101,2024-01-09T14:00:00,206,26.142857143,459.487582553,457.634341280,-1.853241273,-48.449021863
winter_fortnight_20240101,2024-01-09T15:00:00,207,26.142857143,354.401007458,352.547779290,-1.853228168,-48.448679253
winter_fortnight_20240101,2024-01-09T16:00:00,208,26.142857143,279.411051736,277.555784041,-1.855267694,-48.501998292
winter_fortnight_20240101,2024-01-09T17:00:00,209,26.142857143,219.535716934,217.676689069,-1.859027865,-48.600299897
winter_fortnight_20240101,2024-01-09T18:00:00,210,26.142857143,197.114645848,195.248030214,-1.866615634,-48.798665849
winter_fortnight_20240101,2024-01-09T19:00:00,211,26.142857143,221.075354953,219.203444505,-1.871910448,-48.937087421
winter_fortnight_20240101,2024-01-09T20:00:00,212,26.142857143,230.807536247,228.932387561,-1.875148686,-49.021744223
winter_fortnight_20240101,2024-01-09T21:00:00,213,26.142857143,280.293476963,278.546792470,-1.746684493,-45.663323178
winter_fortnight_20240101,2024-01-09T22:00:00,214,26.142857143,357.632507819,355.760704921,-1.871802897,-48.934275745
winter_fortnight_20240101,2024-01-09T23:00:00,215,26.142857143,427.546142700,426.104041160,-1.442101540,-37.700654539
winter_fortnight_20240101,2024-01-10T00:00:00,216,26.142857143,447.500308905,445.627743423,-1.872565481,-48.954211871
winter_fortnight_20240101,2024-01-10T01:00:00,217,26.142857143,468.481597441,475.453570577,6.971973136,182.267297692
winter_fortnight_20240101,2024-01-10T02:00:00,218,26.142857143,528.386509377,526.512038221,-1.874471156,-49.004031644
winter_fortnight_20240101,2024-01-10T03:00:00,219,26.142857143,579.363471152,577.482551701,-1.880919451,-49.172608506
winter_fortnight_20240101,2024-01-10T04:00:00,220,26.142857143,587.665002074,585.781762774,-1.883239299,-49.233255972
winter_fortnight_20240101,2024-01-10T05:00:00,221,26.142857143,547.935709763,546.179751948,-1.755957815,-45.905754300
winter_fortnight_20240101,2024-01-10T06:00:00,222,26.142857143,501.160259473,499.406757918,-1.753501555,-45.841540657
winter_fortnight_20240101,2024-01-10T07:00:00,223,26.142857143,477.341450106,475.462798404,-1.878651703,-49.113323080
winter_fortnight_20240101,2024-01-10T08:00:00,224,26.142857143,469.008194808,467.130983650,-1.877211158,-49.075663128
winter_fortnight_20240101,2024-01-10T09:00:00,225,26.142857143,386.493831538,384.621674870,-1.872156668,-48.943524310
winter_fortnight_20240101,2024-01-10T10:00:00,226,26.142857143,354.742913407,352.878033014,-1.864880393,-48.753301705
winter_fortnight_20240101,2024-01-10T11:00:00,227,26.142857143,353.515435132,351.657646565,-1.857788567,-48.567901108
winter_fortnight_20240101,2024-01-10T12:00:00,228,26.142857143,371.686110563,369.832530000,-1.853580563,-48.457891862
winter_fortnight_20240101,2024-01-10T13:00:00,229,26.142857143,389.380217984,387.529259908,-1.850958076,-48.389332553
winter_fortnight_20240101,2024-01-10T14:00:00,230,26.142857143,377.184579340,375.334029285,-1.850550055,-48.378665714
winter_fortnight_20240101,2024-01-10T15:00:00,231,26.142857143,345.843972166,343.988766212,-1.855205954,-48.500384220
winter_fortnight_20240101,2024-01-10T16:00:00,232,26.142857143,331.644226008,329.787211032,-1.857014975,-48.547677214
winter_fortnight_20240101,2024-01-10T17:00:00,233,26.142857143,323.943850410,322.084979126,-1.858871284,-48.596206425
winter_fortnight_20240101,2024-01-10T18:00:00,234,26.142857143,309.722209951,315.866680599,6.144470648,160.634018374
winter_fortnight_20240101,2024-01-10T19:00:00,235,26.142857143,340.034569169,338.170151847,-1.864417322,-48.741195702
winter_fortnight_20240101,2024-01-10T20:00:00,236,26.142857143,375.952528592,374.085677202,-1.866851390,-48.804829192
winter_fortnight_20240101,2024-01-10T21:00:00,237,26.142857143,410.012263558,403.925492828,-6.086770731,-159.125577675
winter_fortnight_20240101,2024-01-10T22:00:00,238,26.142857143,429.001768581,427.149448057,-1.852320524,-48.424950829
winter_fortnight_20240101,2024-01-10T23:00:00,239,26.142857143,428.680503254,426.822780855,-1.857722399,-48.566171293
winter_fortnight_20240101,2024-01-11T00:00:00,240,26.142857143,413.681565683,411.821661628,-1.859904055,-48.623205998
winter_fortnight_20240101,2024-01-11T01:00:00,241,26.142857143,364.950235391,363.090615335,-1.859620056,-48.615781468
winter_fortnight_20240101,2024-01-11T02:00:00,242,26.142857143,305.480470966,303.621422171,-1.859048796,-48.600847085
winter_fortnight_20240101,2024-01-11T03:00:00,243,26.142857143,273.866639857,272.015660760,-1.850979097,-48.389882102
winter_fortnight_20240101,2024-01-11T04:00:00,244,26.142857143,256.481077019,254.631199968,-1.849877051,-48.361071478
winter_fortnight_20240101,2024-01-11T05:00:00,245,26.142857143,257.206040262,255.354894666,-1.851145596,-48.394234871
winter_fortnight_20240101,2024-01-11T06:00:00,246,26.142857143,286.708020850,284.856558096,-1.851462754,-48.402526281
winter_fortnight_20240101,2024-01-11T07:00:00,247,26.142857143,334.384560714,332.531452599,-1.853108115,-48.445540725
winter_fortnight_20240101,2024-01-11T08:00:00,248,26.142857143,463.356373256,461.501145663,-1.855227593,-48.500949942
winter_fortnight_20240101,2024-01-11T09:00:00,249,26.142857143,564.248507890,562.406235287,-1.842272603,-48.162269482
winter_fortnight_20240101,2024-01-11T10:00:00,250,26.142857143,532.237254875,530.410661078,-1.826593797,-47.752380693
winter_fortnight_20240101,2024-01-11T11:00:00,251,26.142857143,653.348536962,651.531592099,-1.816944863,-47.500129995
winter_fortnight_20240101,2024-01-11T12:00:00,252,26.142857143,652.512374579,650.701231602,-1.811142978,-47.348452133
winter_fortnight_20240101,2024-01-11T13:00:00,253,26.142857143,603.819513346,602.012892634,-1.806620711,-47.230227160
winter_fortnight_20240101,2024-01-11T14:00:00,254,26.142857143,511.999857298,510.196430125,-1.803427172,-47.146738931
winter_fortnight_20240101,2024-01-11T15:00:00,255,26.142857143,407.576964073,405.772874215,-1.804089859,-47.164063444
winter_fortnight_20240101,2024-01-11T16:00:00,256,26.142857143,313.217632849,311.410641133,-1.806991715,-47.239926268
winter_fortnight_20240101,2024-01-11T17:00:00,257,26.142857143,261.572681888,259.758734552,-1.813947336,-47.421766076
winter_fortnight_20240101,2024-01-11T18:00:00,258,26.142857143,253.085701013,251.262457934,-1.823243079,-47.664783351
winter_fortnight_20240101,2024-01-11T19:00:00,259,26.142857143,297.583455383,295.752010481,-1.831444902,-47.879202434
winter_fortnight_20240101,2024-01-11T20:00:00,260,26.142857143,344.325620636,342.500579979,-1.825040658,-47.711777194
winter_fortnight_20240101,2024-01-11T21:00:00,261,26.142857143,395.106827219,393.278788600,-1.828038619,-47.790152464
winter_fortnight_20240101,2024-01-11T22:00:00,262,26.142857143,474.893729194,580.462997685,105.569268491,2759.882304827
winter_fortnight_20240101,2024-01-11T23:00:00,263,26.142857143,597.306582622,700.000000000,102.693417378,2684.699340038
winter_fortnight_20240101,2024-01-12T00:00:00,264,26.142857143,700.000000000,700.000000000,0.000000000,0.000000000
winter_fortnight_20240101,2024-01-12T01:00:00,265,26.142857143,700.000000000,700.000000000,0.000000000,0.000000000
winter_fortnight_20240101,2024-01-12T02:00:00,266,26.142857143,700.000000000,700.000000000,0.000000000,0.000000000
winter_fortnight_20240101,2024-01-12T03:00:00,267,26.142857143,700.000000000,700.000000000,0.000000000,0.000000000
winter_fortnight_20240101,2024-01-12T04:00:00,268,26.142857143,700.000000000,700.000000000,0.000000000,0.000000000
winter_fortnight_20240101,2024-01-12T05:00:00,269,26.142857143,700.000000000,700.000000000,0.000000000,0.000000000
winter_fortnight_20240101,2024-01-12T06:00:00,270,26.142857143,700.000000000,700.000000000,0.000000000,0.000000000
winter_fortnight_20240101,2024-01-12T07:00:00,271,26.142857143,700.000000000,700.000000000,0.000000000,0.000000000
winter_fortnight_20240101,2024-01-12T08:00:00,272,26.142857143,700.000000000,700.000000000,0.000000000,0.000000000
winter_fortnight_20240101,2024-01-12T09:00:00,273,26.142857143,520.909546937,519.374467749,-1.535079188,-40.131355914
winter_fortnight_20240101,2024-01-12T10:00:00,274,26.142857143,395.711118092,394.185811508,-1.525306584,-39.875872119
winter_fortnight_20240101,2024-01-12T11:00:00,275,26.142857143,396.139540523,394.624959963,-1.514580560,-39.595463213
winter_fortnight_20240101,2024-01-12T12:00:00,276,26.142857143,384.638495544,383.128565692,-1.509929852,-39.473880426
winter_fortnight_20240101,2024-01-12T13:00:00,277,26.142857143,432.479765392,430.970759863,-1.509005529,-39.449715981
winter_fortnight_20240101,2024-01-12T14:00:00,278,26.142857143,401.569993822,400.065767491,-1.504226332,-39.324774099
winter_fortnight_20240101,2024-01-12T15:00:00,279,26.142857143,370.623395294,369.116639995,-1.506755299,-39.390888526
winter_fortnight_20240101,2024-01-12T16:00:00,280,26.142857143,315.746847800,314.239136926,-1.507710874,-39.415869992
winter_fortnight_20240101,2024-01-12T17:00:00,281,26.142857143,277.774873278,276.262547752,-1.512325526,-39.536510187
winter_fortnight_20240101,2024-01-12T18:00:00,282,26.142857143,242.927313142,241.408481143,-1.518831999,-39.706607966
winter_fortnight_20240101,2024-01-12T19:00:00,283,26.142857143,246.473210453,244.953067881,-1.520142572,-39.740870087
winter_fortnight_20240101,2024-01-12T20:00:00,284,26.142857143,247.763200842,246.240645223,-1.522555619,-39.803954039
winter_fortnight_20240101,2024-01-12T21:00:00,285,26.142857143,245.963505807,244.560971321,-1.402534486,-36.666258717
winter_fortnight_20240101,2024-01-12T22:00:00,286,26.142857143,244.721669347,241.511460756,-3.210208591,-83.924024603
winter_fortnight_20240101,2024-01-12T23:00:00,287,26.142857143,238.983395250,237.447420135,-1.535975115,-40.154778010
winter_fortnight_20240101,2024-01-13T00:00:00,288,26.142857143,234.114385494,238.487381301,4.372995806,114.322604651
winter_fortnight_20240101,2024-01-13T01:00:00,289,26.142857143,231.321103824,240.586104867,9.265001042,242.213598682
winter_fortnight_20240101,2024-01-13T02:00:00,290,26.142857143,241.534478557,239.993699371,-1.540779186,-40.280370152
winter_fortnight_20240101,2024-01-13T03:00:00,291,26.142857143,254.901807539,253.367224467,-1.534583072,-40.118386017
winter_fortnight_20240101,2024-01-13T04:00:00,292,26.142857143,279.136476912,277.604693428,-1.531783485,-40.045196815
winter_fortnight_20240101,2024-01-13T05:00:00,293,26.142857143,314.744993581,313.214722430,-1.530271151,-40.005660091
winter_fortnight_20240101,2024-01-13T06:00:00,294,26.142857143,357.772274880,356.239329266,-1.532945614,-40.075578194
winter_fortnight_20240101,2024-01-13T07:00:00,295,26.142857143,408.518805036,406.981304373,-1.537500663,-40.194660185
winter_fortnight_20240101,2024-01-13T08:00:00,296,26.142857143,516.163280166,514.623456750,-1.539823416,-40.255383583
winter_fortnight_20240101,2024-01-13T09:00:00,297,26.142857143,594.591641965,593.063650329,-1.527991636,-39.946067051
winter_fortnight_20240101,2024-01-13T10:00:00,298,26.142857143,482.306417821,480.796821009,-1.509596812,-39.465173791
winter_fortnight_20240101,2024-01-13T11:00:00,299,26.142857143,484.372690494,482.872479790,-1.500210704,-39.219794126
winter_fortnight_20240101,2024-01-13T12:00:00,300,26.142857143,557.088655823,555.593129423,-1.495526400,-39.097333029
winter_fortnight_20240101,2024-01-13T13:00:00,301,26.142857143,499.077529642,497.585122017,-1.492407625,-39.015799352
winter_fortnight_20240101,2024-01-13T14:00:00,302,26.142857143,378.836701899,377.344824027,-1.491877871,-39.001950064
winter_fortnight_20240101,2024-01-13T15:00:00,303,26.142857143,293.498881555,292.002111364,-1.496770191,-39.129849279
winter_fortnight_20240101,2024-01-13T16:00:00,304,26.142857143,255.762032332,260.428929816,4.666897484,122.006034230
winter_fortnight_20240101,2024-01-13T17:00:00,305,26.142857143,234.109688635,232.604741219,-1.504947417,-39.343625321
winter_fortnight_20240101,2024-01-13T18:00:00,306,26.142857143,224.802828389,223.295069533,-1.507758855,-39.417124363
winter_fortnight_20240101,2024-01-13T19:00:00,307,26.142857143,226.963768561,225.455599352,-1.508169209,-39.427852191
winter_fortnight_20240101,2024-01-13T20:00:00,308,26.142857143,227.109717979,225.600706803,-1.509011176,-39.449863610
winter_fortnight_20240101,2024-01-13T21:00:00,309,26.142857143,230.394568433,228.884677152,-1.509891282,-39.472872074
winter_fortnight_20240101,2024-01-13T22:00:00,310,26.142857143,230.152722764,228.641243239,-1.511479525,-39.514393303
winter_fortnight_20240101,2024-01-13T23:00:00,311,26.142857143,234.910770234,233.398018594,-1.512751640,-39.547650016
winter_fortnight_20240101,2024-01-14T00:00:00,312,26.142857143,264.589337151,263.074722787,-1.514614364,-39.596346935
winter_fortnight_20240101,2024-01-14T01:00:00,313,26.142857143,274.427057311,272.905846475,-1.521210836,-39.768797581
winter_fortnight_20240101,2024-01-14T02:00:00,314,26.142857143,305.538900416,304.011998203,-1.526902212,-39.917586409
winter_fortnight_20240101,2024-01-14T03:00:00,315,26.142857143,374.389017627,372.858435552,-1.530582075,-40.013788544
winter_fortnight_20240101,2024-01-14T04:00:00,316,26.142857143,463.588081878,462.056465485,-1.531616393,-40.040828562
winter_fortnight_20240101,2024-01-14T05:00:00,317,26.142857143,592.330246894,601.793620437,9.463373543,247.399622629
winter_fortnight_20240101,2024-01-14T06:00:00,318,26.142857143,700.000000000,700.000000000,0.000000000,0.000000000
winter_fortnight_20240101,2024-01-14T07:00:00,319,26.142857143,700.000000000,700.000000000,0.000000000,0.000000000
winter_fortnight_20240101,2024-01-14T08:00:00,320,26.142857143,700.000000000,606.180357697,-93.819642303,-2452.713505915
winter_fortnight_20240101,2024-01-14T09:00:00,321,26.142857143,497.310360823,561.121132015,63.810771192,1668.195875456
winter_fortnight_20240101,2024-01-14T10:00:00,322,26.142857143,423.823806416,571.912925082,148.089118666,3871.472673695
winter_fortnight_20240101,2024-01-14T11:00:00,323,26.142857143,700.000000000,700.000000000,0.000000000,0.000000000
winter_fortnight_20240101,2024-01-14T12:00:00,324,26.142857143,700.000000000,700.000000000,0.000000000,0.000000000
winter_fortnight_20240101,2024-01-14T13:00:00,325,26.142857143,700.000000000,700.000000000,0.000000000,0.000000000
winter_fortnight_20240101,2024-01-14T14:00:00,326,26.142857143,700.000000000,700.000000000,0.000000000,0.000000000
winter_fortnight_20240101,2024-01-14T15:00:00,327,26.142857143,700.000000000,700.000000000,0.000000000,0.000000000
winter_fortnight_20240101,2024-01-14T16:00:00,328,26.142857143,700.000000000,700.000000000,0.000000000,0.000000000
winter_fortnight_20240101,2024-01-14T17:00:00,329,26.142857143,700.000000000,700.000000000,0.000000000,0.000000000
winter_fortnight_20240101,2024-01-14T18:00:00,330,26.142857143,700.000000000,700.000000000,0.000000000,0.000000000
winter_fortnight_20240101,2024-01-14T19:00:00,331,26.142857143,700.000000000,700.000000000,0.000000000,0.000000000
winter_fortnight_20240101,2024-01-14T20:00:00,332,26.142857143,700.000000000,700.000000000,0.000000000,0.000000000
winter_fortnight_20240101,2024-01-14T21:00:00,333,26.142857143,700.000000000,700.000000000,0.000000000,0.000000000
winter_fortnight_20240101,2024-01-14T22:00:00,334,26.142857143,700.000000000,700.000000000,0.000000000,0.000000000
winter_fortnight_20240101,2024-01-14T23:00:00,335,26.142857143,700.000000000,700.000000000,0.000000000,0.000000000
